,City,Cloudiness,Country,Date,Humidity,Lat,Lng,Max Temperature,Wind Speed
0,padang,83,ID,1608481781,68,-0.95,100.35,78.15,3.74
1,mount isa,75,AU,1608481781,100,-20.73,139.5,75.2,4.7
2,jamestown,90,US,1608481641,98,42.1,-79.24,35.01,9.17
3,faanui,75,PF,1608481781,70,-16.48,-151.75,80.17,5.61
4,demyansk,99,RU,1608481782,94,57.64,32.47,35.06,6.46
5,ushuaia,40,AR,1608481782,42,-54.8,-68.3,62.6,18.34
6,new norfolk,59,AU,1608481782,67,-42.78,147.06,51.01,1.36
7,bethel,90,US,1608481782,68,41.37,-73.41,30.99,5.01
8,plettenberg bay,3,ZA,1608481782,78,-34.05,23.37,71.06,16.35
9,rikitea,6,PF,1608481782,78,-23.12,-134.97,76.68,22.32
10,isangel,5,VU,1608481782,83,-19.55,169.27,75.07,7.72
11,port alfred,62,ZA,1608481783,89,-33.59,26.89,73.0,5.01
12,jesup,75,US,1608481783,87,31.61,-81.89,55.99,4.36
13,saint-philippe,43,RE,1608481783,78,-21.36,55.77,78.8,16.11
14,aldan,100,RU,1608481783,93,58.6,125.39,2.53,11.25
15,arraial do cabo,0,BR,1608481783,62,-22.97,-42.03,93.2,11.41
16,iqaluit,75,CA,1608481783,65,63.75,-68.51,3.2,4.7
17,port moresby,20,PG,1608481784,94,-9.44,147.18,75.2,8.05
18,nanortalik,100,GL,1608481784,88,60.14,-45.24,25.52,6.29
19,cidreira,99,BR,1608481784,53,-30.18,-50.21,79.23,11.25
20,butaritari,56,KI,1608481784,84,3.07,172.79,80.58,18.39
21,dudinka,90,RU,1608481784,73,69.41,86.18,-31.0,6.71
22,lahat,100,ID,1608481784,89,-3.8,103.53,72.43,2.48
23,tuy hoa,100,VN,1608481766,88,13.08,109.3,70.39,19.55
24,college,90,US,1608481785,70,64.86,-147.8,-2.2,2.42
25,georgetown,20,MY,1608481785,88,5.41,100.34,80.01,3.36
26,hilo,1,US,1608481785,88,19.73,-155.09,69.8,1.41
27,gilbues,98,BR,1608481785,43,-9.83,-45.34,89.78,6.06
28,punta arenas,0,CL,1608481785,58,-53.15,-70.92,59.0,34.45
29,collie,0,AU,1608481785,77,-33.37,116.15,55.0,1.99
30,jumla,0,NP,1608481786,43,29.27,82.18,41.74,4.41
31,dikson,6,RU,1608481786,82,73.51,80.55,-28.68,7.02
32,bluff,85,NZ,1608481786,92,-46.6,168.33,46.0,1.01
33,saldanha,1,ZA,1608481786,35,-33.01,17.94,86.0,14.99
34,mesquite,0,US,1608481786,75,32.77,-96.6,53.01,1.01
35,hermanus,1,ZA,1608481786,61,-34.42,19.23,78.01,8.99
36,araouane,0,ML,1608481786,18,18.9,-3.53,76.75,12.75
37,arlit,0,NE,1608481786,13,18.74,7.39,86.83,5.99
38,severo-kurilsk,93,RU,1608481787,92,50.68,156.12,27.91,11.74
39,mataura,100,NZ,1608481787,92,-46.19,168.86,46.0,1.01
40,mar del plata,75,AR,1608481787,82,-38.0,-57.56,57.99,17.22
41,lavrentiya,16,RU,1608481787,87,65.58,-171.0,-8.61,10.94
42,vestmannaeyjar,0,IS,1608481788,80,63.44,-20.27,32.0,20.8
43,kruisfontein,24,ZA,1608481788,80,-34.0,24.73,73.0,5.01
44,risor,100,NO,1608481788,96,58.72,9.23,48.0,8.01
45,chuy,0,UY,1608481788,44,-33.7,-53.46,73.76,15.73
46,atuona,1,PF,1608481788,75,-9.8,-139.03,78.67,19.39
47,kavaratti,41,IN,1608481789,69,10.57,72.64,82.15,7.34
48,suna,13,RU,1608481789,91,57.83,50.06,1.92,13.31
49,champerico,75,GT,1608481789,55,14.3,-91.92,86.0,6.26
50,hamilton,90,US,1608481773,86,39.18,-84.53,42.01,8.05
51,east london,75,ZA,1608481789,88,-33.02,27.91,73.4,9.17
52,hobart,53,AU,1608481789,87,-42.88,147.33,52.0,4.7
53,carnarvon,0,AU,1608481789,73,-24.87,113.63,77.0,25.28
54,ilulissat,20,GL,1608481789,43,69.22,-51.1,12.2,11.41
55,reporoa,29,NZ,1608481790,98,-38.43,176.35,61.0,1.28
56,nikolskoye,90,RU,1608481790,93,59.7,30.79,35.6,6.71
57,durango,60,MX,1608481642,46,24.83,-104.83,50.7,1.7
58,forte dei marmi,31,IT,1608481790,91,43.96,10.17,54.0,1.01
59,leh,67,IN,1608481790,62,34.17,77.58,10.76,1.48
60,khatanga,91,RU,1608481791,84,71.97,102.5,-33.38,2.68
61,manokwari,100,ID,1608481791,75,-0.87,134.08,80.37,7.83
62,yulara,100,AU,1608481791,73,-25.24,130.99,71.6,6.93
63,torbay,90,CA,1608481791,86,47.67,-52.73,28.0,11.41
64,hobyo,0,SO,1608481791,75,5.35,48.53,79.3,18.75
65,vaini,0,TO,1608481791,94,-21.2,-175.2,77.0,8.05
66,bagdarin,7,RU,1608481791,90,54.43,113.6,6.91,4.32
67,kasongo-lunda,100,CD,1608481791,94,-6.47,16.82,69.19,2.08
68,puerto ayora,40,EC,1608481792,69,-0.74,-90.35,78.8,19.46
69,havre-saint-pierre,90,CA,1608481792,63,50.23,-63.6,28.4,2.24
70,mutoko,100,ZW,1608481792,84,-17.4,32.23,71.19,9.1
71,chokurdakh,66,RU,1608481792,89,70.63,147.92,-17.45,9.75
72,abu samrah,8,SY,1608481792,63,35.3,37.18,55.81,6.62
73,iralaya,7,HN,1608481792,76,15.0,-83.23,81.46,9.04
74,port elizabeth,90,ZA,1608481714,78,-33.92,25.57,73.4,13.87
75,atambua,100,ID,1608481793,85,-9.11,124.89,75.97,2.1
76,port blair,24,IN,1608481793,78,11.67,92.75,80.67,12.82
77,albany,100,US,1608481793,71,42.6,-73.97,32.0,3.0
78,laguna,90,US,1608481793,83,38.42,-121.42,33.8,1.1
79,castro,1,BR,1608481793,56,-24.79,-50.01,83.44,9.28
80,kapaa,75,US,1608481793,88,22.08,-159.32,75.2,18.34
81,victoria,88,HK,1608481745,58,22.29,114.16,60.01,1.01
82,busselton,0,AU,1608481794,79,-33.65,115.33,55.99,15.03
83,izmit,75,TR,1608481705,87,40.77,29.92,48.2,6.64
84,ponta do sol,20,PT,1608481794,68,32.67,-17.1,66.2,12.75
85,tuktoyaktuk,40,CA,1608481794,64,69.45,-133.04,-41.8,4.7
86,poum,52,NC,1608481794,72,-20.23,164.02,78.1,4.85
87,hearst,82,CA,1608481795,91,49.68,-83.67,32.0,12.75
88,guarapari,40,BR,1608481795,70,-20.67,-40.5,89.01,17.22
89,san patricio,40,US,1608481795,100,28.02,-97.52,57.0,5.82
90,maldonado,75,UY,1608481795,59,-34.67,-54.92,66.2,20.8
91,sept-iles,59,CA,1608481795,73,50.2,-66.38,26.6,3.36
92,bereda,87,ES,1608481795,97,43.27,-7.54,52.0,8.99
93,krapina,90,HR,1608481795,100,46.16,15.88,37.99,2.24
94,bubaque,3,GW,1608481796,51,11.28,-15.83,81.41,10.29
95,tazovskiy,8,RU,1608481796,84,67.47,78.7,-31.36,8.68
96,miastko,100,PL,1608481796,97,54.0,16.98,34.0,24.0
97,chapais,90,CA,1608481796,92,49.78,-74.85,24.8,14.99
98,cape town,20,ZA,1608481633,57,-33.93,18.42,77.0,16.11
99,mogok,4,MM,1608481796,79,22.92,96.5,52.48,2.01
100,pisco,0,PE,1608481796,83,-13.7,-76.22,71.01,9.17
101,elizabeth city,90,US,1608481648,100,36.29,-76.25,42.8,8.05
102,souillac,40,MU,1608481797,78,-20.52,57.52,78.8,9.17
103,flinders,99,AU,1608481797,90,-34.58,150.86,68.0,1.01
104,berlevag,90,NO,1608481797,92,70.86,29.09,30.2,19.46
105,bathurst,97,AU,1608481555,79,-33.42,149.58,54.0,3.09
106,la ronge,100,CA,1608481797,83,55.1,-105.28,-4.0,6.93
107,san lawrenz,20,MT,1608481798,93,36.06,14.2,60.01,3.36
108,cocachacra,41,PE,1608481798,60,-17.09,-71.76,74.64,9.82
109,calvinia,27,ZA,1608481798,14,-31.47,19.78,92.75,21.61
110,gorontalo,98,ID,1608481798,81,0.54,123.06,78.53,2.01
111,pindiga,0,NG,1608481798,19,9.98,10.93,89.6,11.41
112,airai,100,TL,1608481799,100,-8.93,125.41,61.99,2.64
113,saint-gaudens,75,FR,1608481799,76,43.08,0.67,51.8,2.24
114,seoul,1,KR,1608481659,79,37.57,126.98,19.4,0.83
115,jiblah,74,YE,1608481799,88,13.92,44.15,59.97,1.45
116,tasiilaq,100,GL,1608481799,38,65.61,-37.64,24.8,3.36
117,ulladulla,75,AU,1608481799,100,-35.35,150.47,64.99,4.7
118,meulaboh,100,ID,1608481799,85,4.14,96.13,78.13,1.9
119,dharchula,50,IN,1608481800,36,29.85,80.53,49.89,6.69
120,yellowknife,90,CA,1608481800,75,62.46,-114.35,-18.99,6.93
121,avarua,100,CK,1608481800,94,-21.21,-159.78,69.8,2.24
122,mikhaylovka,95,RU,1608481800,88,50.06,43.24,19.0,8.99
123,kharan,71,PK,1608481800,37,28.58,65.42,57.16,2.33
124,norman wells,75,CA,1608481801,66,65.28,-126.83,-29.2,3.36
125,sinnamary,84,GF,1608481801,75,5.38,-52.95,82.92,7.76
126,dicabisagan,100,PH,1608481801,89,17.08,122.42,74.88,15.61
127,ancud,90,CL,1608481801,67,-41.87,-73.82,57.2,3.36
128,vanavara,0,RU,1608481801,86,60.34,102.28,-20.34,3.71
129,katsuura,75,JP,1608481801,38,35.13,140.3,39.2,14.99
130,faya,0,SA,1608481802,82,18.39,42.45,60.8,5.82
131,thompson,75,CA,1608481803,75,55.74,-97.86,-13.0,5.82
132,foam lake,100,CA,1608481803,79,51.65,-103.53,24.8,9.17
133,hasaki,40,JP,1608481803,73,35.73,140.83,30.0,1.12
134,maihar,94,IN,1608481803,36,24.27,80.75,56.39,2.95
135,dukat,98,RU,1608481804,84,62.55,155.55,-28.57,4.09
136,leningradskiy,100,RU,1608481805,90,69.38,178.42,-1.32,8.75
137,san juan,0,AR,1608481801,22,-31.54,-68.54,79.48,8.16
138,acarau,14,BR,1608481805,53,-2.89,-40.12,88.3,20.67
139,honiara,20,SB,1608481805,94,-9.43,159.95,75.2,4.7
140,bayanday,91,RU,1608481806,90,53.07,105.51,10.72,3.0
141,beinamar,0,TD,1608481806,14,8.67,15.38,83.14,4.85
142,lorengau,80,PG,1608481806,74,-2.02,147.27,82.13,5.08
143,alofi,96,NU,1608481806,94,-19.06,-169.92,77.0,4.7
144,harstad,100,NO,1608481806,98,68.8,16.53,42.01,15.99
145,nouadhibou,0,MR,1608481807,31,20.93,-17.03,78.8,13.87
146,haines junction,50,CA,1608481807,90,60.75,-137.51,15.51,3.09
147,coahuayana,40,MX,1608481807,47,18.73,-103.68,77.0,1.43
148,paamiut,100,GL,1608481807,91,61.99,-49.67,27.48,28.79
149,cherskiy,0,RU,1608481807,85,68.75,161.3,-29.11,1.12
150,tahta,0,EG,1608481807,35,26.77,31.5,73.4,8.05
151,pokhara,6,NP,1608481808,54,28.23,83.98,50.02,3.11
152,carlisle,100,US,1608481679,81,40.2,-77.19,32.0,4.41
153,kodiak,1,US,1608481808,85,57.79,-152.41,15.8,6.93
154,roald,0,NO,1608481808,66,62.58,6.13,48.2,14.99
155,channarayapatna,67,IN,1608481808,85,12.9,76.39,63.57,6.38
156,elbistan,0,TR,1608481810,83,38.21,37.2,34.25,0.31
157,lam luk ka,0,TH,1608481763,64,13.93,100.75,75.0,5.82
158,geraldton,0,AU,1608481811,73,-28.77,114.6,69.8,14.99
159,marabba,0,SD,1608481812,23,12.35,32.18,82.31,9.98
160,atar,6,MR,1608481812,17,20.52,-13.05,79.12,16.15
161,green valley,1,US,1608481666,39,31.85,-110.99,44.6,10.29
162,muskogee,1,US,1608481812,75,35.58,-95.33,43.0,9.17
163,houston,20,US,1608481769,87,29.76,-95.36,55.0,7.23
164,turka,1,UA,1608481813,88,49.15,23.03,34.0,3.22
165,martapura,20,ID,1608481813,94,-3.42,114.85,78.8,2.24
166,silvi,90,IT,1608481813,93,42.55,14.12,50.0,2.24
167,vavatenina,35,MG,1608481794,86,-17.47,49.2,75.33,1.72
168,xique-xique,87,BR,1608481814,52,-10.82,-42.73,86.95,6.69
169,japura,96,ID,1608481814,94,-0.32,102.35,73.99,3.33
170,qaanaaq,64,GL,1608481814,75,77.48,-69.36,-1.61,5.7
171,lagoa,100,PT,1608481814,83,39.05,-27.98,64.0,23.42
172,black river,75,JM,1608481814,69,18.03,-77.85,86.0,12.75
173,lompoc,1,US,1608481815,69,34.64,-120.46,44.6,8.05
174,portland,90,US,1608481639,87,45.52,-122.68,52.0,4.7
175,excelsior springs,1,US,1608481815,80,39.34,-94.23,41.0,11.81
176,boa vista,75,BR,1608481815,48,2.82,-60.67,87.8,12.75
177,biak,98,ID,1608481815,75,-0.91,122.88,79.3,2.82
178,chulym,98,RU,1608481815,90,55.1,80.96,-4.52,7.14
179,clarence town,90,AU,1608481816,100,-32.58,151.78,68.0,1.52
180,whitehorse,40,CA,1608481816,68,60.72,-135.05,24.8,17.22
181,kondinskoye,100,RU,1608481816,96,59.65,67.41,13.98,16.91
182,tiksi,100,RU,1608481816,87,71.69,128.87,-22.25,5.75
183,presidencia roque saenz pena,85,AR,1608481682,39,-26.79,-60.44,82.0,8.01
184,ahipara,30,NZ,1608481816,84,-35.17,173.17,60.84,3.83
185,petropavlovsk-kamchatskiy,0,RU,1608481817,77,53.05,158.65,3.2,11.18
186,barrow,1,US,1608481817,68,71.29,-156.79,-16.6,18.34
187,kununurra,40,AU,1608481817,100,-15.77,128.73,78.8,5.82
188,egvekinot,13,RU,1608481817,86,66.32,-179.17,-12.06,14.2
189,gbarnga,91,LR,1608481817,73,7.0,-9.47,82.31,2.82
190,promissao,100,BR,1608481817,43,-21.54,-49.86,91.98,5.21
191,verkhnechusovskiye gorodki,86,RU,1608481818,89,58.17,57.11,5.45,11.92
192,dingle,100,PH,1608481818,90,11.0,122.67,76.59,6.29
193,merauke,99,ID,1608481818,86,-8.47,140.33,79.3,3.49
194,san andres,20,CO,1608481818,70,12.58,-81.7,86.0,14.99
195,esperance,1,AU,1608481818,82,-33.87,121.9,55.4,7.23
196,alyangula,100,AU,1608481818,100,-13.85,136.42,78.8,12.75
197,treinta y tres,0,UY,1608481819,40,-33.23,-54.38,75.07,16.8
198,ipojuca,40,BR,1608481819,54,-8.4,-35.06,84.2,12.75
199,ixtapa,5,MX,1608481819,82,20.7,-105.2,68.0,3.2
200,pevek,0,RU,1608481819,92,69.7,170.31,-6.7,2.42
201,parana,0,AR,1608481819,39,-31.73,-60.52,80.01,10.0
202,cataguases,75,BR,1608481819,55,-21.39,-42.7,92.89,0.78
203,grindavik,20,IS,1608481820,85,63.84,-22.43,32.0,26.4
204,port hardy,75,CA,1608481820,87,50.7,-127.42,44.6,5.82
205,bowen,2,AU,1608481660,83,-20.02,148.23,77.0,10.96
206,guiglo,98,CI,1608481820,80,6.55,-7.5,81.46,1.63
207,saskylakh,50,RU,1608481820,80,71.92,114.08,-41.24,2.44
208,sun city west,1,US,1608481821,60,33.66,-112.34,46.4,5.82
209,harlingen,90,US,1608481821,100,26.19,-97.7,62.6,5.82
210,hithadhoo,60,MV,1608481821,74,-0.6,73.08,82.36,6.35
211,te karaka,3,NZ,1608481821,86,-38.47,177.87,52.83,2.33
212,san quintin,59,MX,1608481821,34,30.48,-115.95,63.72,0.49
213,marsh harbour,35,BS,1608481821,58,26.54,-77.06,73.49,5.53
214,beringovskiy,91,RU,1608481822,91,63.05,179.32,-7.26,15.26
215,huarmey,3,PE,1608481822,68,-10.07,-78.15,74.41,9.84
216,adra,20,ES,1608481822,82,36.75,-3.02,61.0,5.82
217,ribeira grande,40,PT,1608481822,82,38.52,-28.7,66.2,19.46
218,san cristobal,40,VE,1608481664,54,7.77,-72.22,84.2,5.82
219,bengkulu,99,ID,1608481552,87,-3.8,102.27,75.42,4.68
220,prado,93,BR,1608481823,65,-17.34,-39.22,83.71,18.99
221,foz,93,ES,1608481823,97,43.57,-7.25,57.0,8.99
222,bintulu,20,MY,1608481823,100,3.17,113.03,77.0,3.36
223,karasjok,75,NO,1608481823,86,69.47,25.51,26.6,38.03
224,fairbanks,90,US,1608481691,70,64.84,-147.72,-2.2,2.28
225,maniitsoq,100,GL,1608481823,84,65.42,-52.9,22.03,18.63
226,hami,0,CN,1608481824,87,42.8,93.45,18.43,4.21
227,guadix,55,ES,1608481824,82,37.3,-3.14,52.0,5.99
228,mangan,7,IN,1608481824,38,27.52,88.53,54.91,3.62
229,kristiansund,0,NO,1608481824,45,63.11,7.73,46.4,18.34
230,mahebourg,40,MU,1608481824,78,-20.41,57.7,78.8,9.17
231,talara,40,PE,1608481824,78,-4.58,-81.27,75.2,12.75
232,kayes,0,ML,1608481824,21,14.0,-11.0,91.4,9.17
233,kraslava,1,LV,1608481825,98,55.9,27.17,31.51,6.49
234,nabagram,47,IN,1608481825,71,22.29,88.51,57.2,4.47
235,oktyabrskiy,74,RU,1608481825,87,54.48,53.47,-2.87,7.9
236,bambanglipuro,93,ID,1608481825,82,-7.95,110.28,76.8,5.26
237,husavik,90,IS,1608481826,93,66.04,-17.34,32.0,3.36
238,lianzhou,2,CN,1608481826,70,24.78,112.38,40.12,4.76
239,namibe,90,AO,1608481826,69,-15.2,12.15,77.0,11.41
240,conakry,23,GN,1608481826,70,9.54,-13.68,83.43,10.78
241,nanga eboko,16,CM,1608481826,32,4.68,12.37,81.95,2.42
242,rawson,15,AR,1608481826,27,-43.3,-65.1,73.72,1.52
243,clyde river,90,CA,1608481826,84,70.47,-68.59,-2.2,14.99
244,payson,75,US,1608481615,92,40.04,-111.73,28.99,8.05
245,samana,75,DO,1608481827,83,19.21,-69.34,80.6,4.7
246,shirgaon,13,IN,1608481827,56,19.7,72.7,74.91,9.26
247,guiratinga,54,BR,1608481827,36,-16.35,-53.76,94.51,3.18
248,ocean city,90,US,1608481827,93,39.28,-74.57,42.01,3.36
249,saveh,97,IR,1608481827,72,35.02,50.36,43.84,1.12
250,udachnyy,90,RU,1608481827,66,66.42,112.4,-32.8,3.94
251,burien,90,US,1608481828,81,47.47,-122.35,52.0,13.87
252,sao filipe,94,CV,1608481828,67,14.9,-24.5,75.33,11.3
253,davila,75,PH,1608481828,69,18.47,120.58,80.6,13.87
254,wilmington,90,US,1608481679,93,34.23,-77.94,59.0,5.82
255,caserta,20,IT,1608481828,71,41.08,14.33,59.0,3.71
256,mehamn,90,NO,1608481828,74,71.04,27.85,30.2,21.92
257,the valley,40,AI,1608481829,69,18.22,-63.06,84.2,17.22
258,nuuk,75,GL,1608481829,62,64.18,-51.72,24.8,9.17
259,touros,40,BR,1608481684,62,-5.2,-35.46,86.0,19.46
260,coquimbo,20,CL,1608481829,72,-29.95,-71.34,60.8,14.99
261,keighley,40,GB,1608481829,87,53.87,-1.91,46.0,9.17
262,upington,20,ZA,1608481829,16,-28.45,21.26,100.4,9.17
263,binga,96,ZW,1608481829,71,-17.62,27.34,79.79,2.73
264,viedma,0,AR,1608481830,31,-40.81,-63.0,75.0,1.99
265,gonbad-e qabus,40,IR,1608481830,87,37.25,55.17,44.6,4.7
266,rio gallegos,75,AR,1608481830,29,-51.62,-69.22,75.2,18.34
267,singkang,20,MY,1608481830,88,2.1,102.8,77.0,3.09
268,asau,100,RO,1608481830,80,46.43,26.4,34.0,2.66
269,yar-sale,100,RU,1608481831,87,66.83,70.83,-17.66,15.95
270,teya,48,RU,1608481831,85,60.38,92.63,-11.94,3.71
271,naze,90,JP,1608481831,62,28.37,129.48,59.0,14.99
272,christchurch,100,NZ,1608481831,93,-43.53,172.63,55.99,2.24
273,bongaree,100,AU,1608481831,3,-27.08,153.16,75.99,3.0
274,moerai,100,PF,1608481832,76,-22.43,-151.33,79.39,15.43
275,vila franca do campo,75,PT,1608481832,88,37.72,-25.43,64.4,12.75
276,ponor,100,RS,1608481832,10,43.16,22.45,43.0,2.62
277,wangaratta,57,AU,1608481832,76,-36.37,146.33,54.0,4.7
278,vao,3,NC,1608481833,81,-22.67,167.48,75.13,13.8
279,lebu,1,CL,1608481833,70,-37.62,-73.65,58.77,18.43
280,saint-joseph,29,RE,1608481833,78,-21.37,55.62,78.8,16.11
281,mapiripan,18,CO,1608481833,61,2.89,-72.13,86.67,10.69
282,pore,35,CO,1608481833,39,5.73,-71.99,91.08,12.24
283,inndyr,75,NO,1608481833,80,67.03,14.03,41.0,17.22
284,aksarka,97,RU,1608481834,87,66.56,67.8,-13.83,18.07
285,bjornevatn,90,NO,1608481834,92,69.67,29.98,23.0,17.22
286,constantine,75,DZ,1608481711,93,36.37,6.61,50.0,4.7
287,yarmouth,90,US,1608481834,75,41.71,-70.23,43.0,4.7
288,taltal,19,CL,1608481834,58,-25.4,-70.48,68.05,7.43
289,tiznit,0,MA,1608481834,46,29.58,-9.5,62.38,4.81
290,matagami,90,CA,1608481835,100,49.75,-77.63,28.4,13.87
291,tura,82,IN,1608481835,76,25.52,90.22,56.77,3.85
292,provideniya,2,RU,1608481835,87,64.38,-173.3,-4.72,13.49
293,colares,40,PT,1608481835,77,38.8,-9.45,63.0,6.93
294,bridgend,20,GB,1608481835,81,51.51,-3.58,46.0,12.75
295,komsomolskiy,90,UZ,1608481835,86,40.43,71.72,33.8,2.24
296,bredasdorp,7,ZA,1608481836,64,-34.53,20.04,73.4,16.11
297,farah,0,AF,1608481836,64,32.5,62.5,46.22,3.83
298,aldama,14,MX,1608481836,78,22.92,-98.07,73.0,5.99
299,zeya,99,RU,1608481836,87,53.75,127.27,-10.64,2.3
300,sitka,90,US,1608481713,77,57.05,-135.33,39.2,8.05
301,cururupu,81,BR,1608481836,60,-1.83,-44.87,86.02,7.27
302,liaocheng,0,CN,1608481837,78,36.44,115.96,30.07,1.28
303,camopi,79,GF,1608481837,54,3.17,-52.32,88.77,4.32
304,nipawin,90,CA,1608481680,92,53.37,-104.0,8.6,13.87
305,mangit,90,UZ,1608481837,86,40.6,70.96,33.8,2.24
306,goderich,100,CA,1608481552,86,43.75,-81.72,37.4,13.87
307,loandjili,40,CG,1608481837,78,-4.76,11.86,82.4,12.75
308,burg,54,DE,1608481837,86,51.83,14.15,36.0,1.01
309,esso,0,RU,1608481837,80,55.93,158.7,4.03,4.43
310,upernavik,89,GL,1608481838,85,72.79,-56.15,9.18,5.7
311,longyearbyen,0,SJ,1608481570,60,78.22,15.64,5.0,29.97
312,demba,97,CD,1608481838,99,-5.51,22.27,65.93,1.14
313,ontario,1,US,1608481770,31,34.06,-117.65,60.01,4.7
314,macapa,40,BR,1608481838,59,0.04,-51.07,91.4,6.93
315,vila velha,40,BR,1608481839,70,-20.33,-40.29,89.01,17.22
316,shimoda,72,JP,1608481839,69,34.67,138.95,41.56,2.98
317,ayan,76,RU,1608481839,83,56.45,138.17,1.36,2.48
318,stornoway,75,GB,1608481839,81,58.21,-6.39,46.4,19.46
319,sao caetano de odivelas,52,BR,1608481839,68,-0.75,-48.02,85.66,9.48
320,vestmanna,74,FO,1608481839,100,62.16,-7.17,42.8,5.82
321,krasnogorskoye,100,RU,1608481839,97,52.3,86.2,18.91,2.57
322,cap malheureux,0,MU,1608481840,77,-19.98,57.61,79.0,8.01
323,east millcreek,75,US,1608481689,68,40.7,-111.81,34.0,10.29
324,neryungri,88,RU,1608481840,86,56.67,124.65,-0.42,6.69
325,pontes e lacerda,32,BR,1608481840,28,-15.23,-59.34,101.57,5.37
326,cavalcante,82,BR,1608481840,69,-13.8,-47.46,80.6,1.1
327,murmashi,75,RU,1608481840,92,68.82,32.81,24.8,8.95
328,buala,93,SB,1608481841,78,-8.14,159.59,80.13,3.29
329,labuhan,100,ID,1608481841,84,-6.88,112.21,78.04,10.76
330,westport,90,US,1608481838,74,41.14,-73.36,34.0,3.36
331,caravelas,90,BR,1608481646,58,-17.71,-39.25,86.77,14.61
332,mosquera,40,CO,1608481822,40,4.71,-74.23,68.0,9.17
333,pangnirtung,99,CA,1608481841,82,66.15,-65.71,8.04,11.34
334,anadyr,40,RU,1608481841,75,64.75,177.48,-14.01,8.95
335,spisska bela,90,SK,1608481841,97,49.19,20.46,33.01,3.36
336,ponta delgada,75,PT,1608481842,88,37.73,-25.67,64.4,12.75
337,lokosovo,100,RU,1608481842,95,61.13,74.82,8.55,12.3
338,havoysund,75,NO,1608481842,80,71.0,24.66,30.2,18.34
339,shirvan,17,AZ,1608481842,68,39.95,48.9,44.98,2.82
340,beaverlodge,75,CA,1608481842,64,55.22,-119.44,35.6,25.28
341,batagay-alyta,93,RU,1608481843,84,67.8,130.41,-28.55,1.72
342,saint george,1,US,1608481843,58,37.1,-113.58,28.4,1.32
343,ulaangom,100,MN,1608481843,88,49.98,92.07,-10.57,2.51
344,evensk,100,RU,1608481843,92,61.95,159.23,4.84,20.2
345,tsogni,99,GA,1608481843,93,-2.79,10.1,76.3,8.48
346,avera,90,US,1608481843,84,33.19,-82.53,46.4,5.82
347,luderitz,81,NA,1608481844,73,-26.65,15.16,69.8,16.11
348,fayaoue,3,NC,1608481844,75,-20.65,166.53,77.4,11.79
349,yumen,0,CN,1608481844,66,40.28,97.2,16.05,6.64
350,havre,0,FR,1608481844,76,49.58,0.33,50.0,10.29
351,morondava,3,MG,1608481844,78,-20.28,44.28,82.72,13.91
352,saint-georges,40,GD,1608481844,70,12.06,-61.75,87.8,19.46
353,bambous virieux,40,MU,1608481845,78,-20.34,57.76,79.0,9.17
354,mitsamiouli,3,KM,1608481845,67,-11.38,43.28,83.52,2.17
355,nancha,13,CN,1608481845,90,47.13,129.27,1.42,2.59
356,kavieng,85,PG,1608481845,72,-2.57,150.8,83.64,6.17
357,port-gentil,75,GA,1608481845,83,-0.72,8.78,82.4,12.75
358,saint-leu,46,RE,1608481845,78,-21.15,55.28,78.8,16.11
359,langsa,100,ID,1608481846,92,4.47,97.97,74.98,1.97
360,bisira,73,PA,1608481846,80,8.52,-81.71,67.68,7.02
361,banda aceh,98,ID,1608481846,82,5.56,95.32,78.48,9.26
362,marawi,91,PH,1608481846,91,8.0,124.29,75.0,3.0
363,codrington,0,AU,1608481846,92,-38.27,141.97,46.42,9.17
364,novyy urengoy,100,RU,1608481846,88,66.08,76.63,-16.96,13.91
365,dunedin,98,NZ,1608481846,86,-45.87,170.5,52.0,4.0
366,chinchani,5,IN,1608481846,53,19.87,72.7,74.68,9.98
367,kitimat,100,CA,1608481847,96,54.05,-128.65,33.01,2.68
368,roma,90,US,1608481557,74,43.21,-75.46,28.99,6.93
369,isla mujeres,40,MX,1608481847,65,21.23,-86.73,82.4,6.93
370,praia da vitoria,75,PT,1608481832,88,38.73,-27.07,66.2,27.67
371,neuquen,20,AR,1608481754,31,-38.95,-68.06,75.2,11.41
372,patitirion,75,GR,1608481847,87,39.15,23.87,53.6,12.75
373,srednekolymsk,1,RU,1608481847,83,67.45,153.68,-37.01,0.96
374,dolores,50,AR,1608481848,31,-36.31,-57.68,72.01,20.62
375,pasighat,0,IN,1608481848,38,28.07,95.33,57.88,4.16
376,kahului,20,US,1608481848,78,20.89,-156.47,73.4,11.41
377,richards bay,27,ZA,1608481708,75,-28.78,32.04,79.36,3.09
378,constitucion,1,CL,1608481848,46,-35.33,-72.42,67.05,18.1
379,parnamirim,40,BR,1608481848,74,-5.92,-35.26,86.0,13.87
380,newport,71,GB,1608481764,96,51.59,-3.0,46.0,1.99
381,amapa,32,BR,1608481849,41,1.0,-52.0,93.18,5.57
382,akhalgori,0,GE,1608481849,75,42.13,44.48,41.0,8.05
383,podhum,0,BA,1608481849,76,43.72,17.0,48.2,2.24
384,raudeberg,80,NO,1608481849,84,61.99,5.14,46.0,29.42
385,saint-pierre,19,RE,1608481850,78,-21.34,55.48,78.8,16.11
386,mount gambier,75,AU,1608481850,81,-37.83,140.77,51.8,9.17
387,porto novo,40,BJ,1608481850,79,6.5,2.6,86.0,12.75
388,samarai,45,PG,1608481850,78,-10.62,150.67,80.91,2.64
389,kieta,99,PG,1608481850,77,-6.22,155.63,79.74,3.67
390,la sarre,94,CA,1608481850,97,48.8,-79.2,32.25,11.7
391,saint-francois,46,FR,1608481851,87,46.42,3.91,48.2,3.36
392,atyrau,90,KZ,1608481771,92,47.12,51.88,19.4,11.18
393,pringsewu,89,ID,1608481851,91,-5.36,104.97,73.56,2.93
394,shache,63,CN,1608481851,94,38.42,77.24,16.0,1.63
395,talnakh,85,RU,1608481851,73,69.49,88.4,-31.0,6.71
396,mbandaka,89,CD,1608481852,87,0.05,18.26,76.03,4.36
397,atherton,46,GB,1608481852,77,53.52,-2.49,45.0,1.01
398,santa lucia,75,ES,1608481852,68,27.91,-15.54,69.8,11.41
399,santa cruz,75,BO,1608481730,66,-17.8,-63.17,87.8,16.11
400,shahreza,0,IR,1608481852,71,32.03,51.88,39.04,2.01
401,te anau,100,NZ,1608481853,90,-45.42,167.72,45.99,2.62
402,isetskoye,82,RU,1608481853,86,56.49,65.32,9.18,17.76
403,abu dhabi,0,AE,1608481827,53,24.47,54.37,73.4,10.29
404,bandarbeyla,54,SO,1608481853,79,9.49,50.81,76.14,21.63
405,lata,40,PT,1608481853,77,40.16,-8.33,61.0,8.05
406,pierre,67,US,1608481853,59,44.37,-100.35,43.68,14.16
407,maragogi,0,BR,1608481853,65,-9.01,-35.22,83.08,14.16
408,eyl,57,SO,1608481854,66,7.98,49.82,78.06,20.33
409,buraydah,40,SA,1608481563,82,26.33,43.98,62.6,9.17
410,hofn,20,IS,1608481854,64,64.25,-15.21,33.8,9.17
411,aswan,23,EG,1608481854,27,24.09,32.91,69.12,11.41
412,sorong,92,ID,1608481854,75,-0.88,131.25,82.42,7.27
413,lom sak,21,TH,1608481854,70,16.78,101.24,61.11,4.56
414,looc,45,PH,1608481854,83,12.26,121.99,80.11,9.75
415,naifaru,90,MV,1608481855,78,5.44,73.37,83.05,21.59
416,mayo,90,US,1608481855,81,38.89,-76.51,43.0,11.41
417,luwuk,99,ID,1608481587,73,-0.95,122.79,79.59,3.11
418,barra dos coqueiros,0,BR,1608481855,66,-10.91,-37.04,86.0,16.11
419,emba,3,KZ,1608481855,85,48.83,58.14,-5.55,8.21
420,peniche,58,PT,1608481855,81,39.36,-9.38,61.0,10.0
421,kaitangata,98,NZ,1608481856,86,-46.28,169.85,54.0,13.0
422,nhulunbuy,100,AU,1608481856,94,-12.23,136.77,78.8,9.24
423,puerto madero,40,MX,1608481856,65,14.72,-92.42,82.4,10.22
424,sikonge,75,TZ,1608481856,88,-5.63,32.77,68.0,5.82
425,gondanglegi,100,ID,1608481856,85,-7.75,112.01,74.39,5.95
426,acapulco,40,MX,1608481856,74,16.86,-99.89,82.4,4.12
427,vardo,90,NO,1608481856,92,70.37,31.11,26.6,17.22
428,antofagasta,20,CL,1608481857,68,-23.65,-70.4,68.0,16.11
429,raymondville,90,US,1608481857,100,26.48,-97.78,57.2,6.4
430,nishihara,75,JP,1608481857,51,26.18,127.76,62.6,12.75
431,flin flon,75,CA,1608481857,83,54.77,-101.86,-5.8,4.7
432,ekibastuz,100,KZ,1608481857,90,51.67,75.37,-3.05,15.48
433,togur,0,RU,1608481857,89,58.36,82.83,-10.68,7.09
434,erzin,0,TR,1608481857,64,36.96,36.2,63.0,7.0
435,kenai,40,US,1608481858,85,60.55,-151.26,16.0,4.09
436,manacapuru,75,BR,1608481858,78,-3.3,-60.62,82.4,5.82
437,nortelandia,9,BR,1608481858,36,-14.45,-56.8,97.81,3.2
438,acarigua,40,VE,1608481858,51,9.55,-69.2,84.2,10.29
439,mbuji-mayi,78,CD,1608481858,88,-6.15,23.6,69.84,3.85
440,smestad,99,NO,1608481859,97,59.93,10.67,46.0,4.0
441,sretensk,7,RU,1608481859,89,52.25,117.71,4.08,3.02
442,iguape,97,BR,1608481766,48,-24.71,-47.56,93.22,4.61
443,mabaruma,10,GY,1608481859,61,8.2,-59.78,85.57,5.64
444,evanston,20,US,1608481859,69,42.04,-87.69,36.0,14.99
445,oparino,100,RU,1608481860,96,59.85,48.28,13.5,9.73
446,veshenskaya,90,RU,1608481860,96,49.63,41.73,19.71,11.99
447,jardim,37,BR,1608481860,34,-21.48,-56.14,98.44,3.89
448,soyo,20,AO,1608481860,66,-6.13,12.37,86.0,8.05
449,bilma,2,NE,1608481860,24,18.69,12.92,67.89,4.72
450,krasnovishersk,100,RU,1608481860,95,60.41,57.08,11.17,9.15
451,castro verde,20,PT,1608481861,67,37.7,-8.09,62.01,4.7
452,los negros,75,BO,1608481861,66,-17.73,-63.43,87.8,16.11
453,chegdomyn,89,RU,1608481861,86,51.12,133.02,-19.35,1.66
454,bud,90,US,1608481861,93,39.45,-86.18,37.0,8.05
455,dunhua,0,CN,1608481861,88,43.37,128.24,7.12,7.96
456,svirsk,73,RU,1608481861,90,53.09,103.33,10.96,2.37
457,amahai,100,ID,1608481862,80,-3.33,128.92,79.25,3.24
458,dzaoudzi,0,YT,1608481862,74,-12.79,45.27,82.4,3.36
459,linjiang,0,CN,1608481862,80,41.81,126.91,11.82,2.28
460,quatre cocos,40,MU,1608481862,78,-20.21,57.76,79.0,9.17
461,okhotsk,82,RU,1608481863,88,59.38,143.3,-15.03,9.86
462,fortuna,90,US,1608481863,100,40.6,-124.16,53.01,6.93
463,quang ngai,100,VN,1608481863,87,15.12,108.8,67.37,13.13
464,sioux lookout,90,CA,1608481787,78,50.1,-91.92,12.2,6.93
465,akola,49,IN,1608481863,32,20.73,77.0,61.07,3.02
466,hoctun,20,MX,1608481863,74,20.87,-89.2,82.0,6.93
467,petropavlovka,53,RU,1608481863,87,50.61,105.32,2.1,4.12
468,qiongshan,20,CN,1608481864,63,20.01,110.35,60.8,8.95
469,sisimiut,99,GL,1608481641,83,66.94,-53.67,14.68,15.39
470,karratha,48,AU,1608481864,47,-20.74,116.85,87.35,17.43
471,pochutla,40,MX,1608481864,61,15.74,-96.47,82.99,4.38
472,wyndham,90,US,1608481864,93,37.7,-77.61,39.99,9.17
473,altay,100,CN,1608481865,79,47.87,88.12,14.72,2.75
474,chumikan,92,RU,1608481865,82,54.72,135.31,-7.51,27.38
475,russell,90,US,1608481865,93,32.35,-85.2,52.0,3.36
476,sorland,75,NO,1608481865,81,67.67,12.69,46.4,26.4
477,kijang,0,KR,1608481866,46,35.24,129.21,28.4,8.05
478,kamaishi,8,JP,1608481866,90,39.27,141.88,24.82,5.48
479,maryville,90,US,1608481844,81,35.76,-83.97,43.0,3.38
480,lincoln,1,US,1608481767,60,40.8,-96.67,39.2,8.21
481,tessalit,0,ML,1608481866,19,20.2,1.01,74.14,10.85
482,ucluelet,90,CA,1608481809,93,48.93,-125.55,46.99,8.05
483,los alamos,1,US,1608481867,62,35.89,-106.31,28.0,4.99
484,shiraz,0,IR,1608481867,58,29.6,52.54,41.0,0.16
485,marsa matruh,20,EG,1608481867,55,31.35,27.25,64.4,4.7
486,george,75,ZA,1608481867,77,-33.96,22.46,69.8,13.87
487,suba,80,PH,1608481867,83,10.84,121.01,82.65,14.76
488,shihezi,36,CN,1608481867,84,44.3,86.03,6.03,1.61
489,fonte boa,69,BR,1608481867,80,-2.5,-66.27,85.66,1.86
490,mogadishu,18,SO,1608481867,83,2.04,45.34,79.97,16.37
491,grand gaube,0,MU,1608481868,77,-20.01,57.66,79.0,8.01
492,goure,0,NE,1608481868,15,13.98,10.27,82.99,4.0
493,guerrero negro,100,MX,1608481868,30,27.98,-114.06,63.72,4.07
494,zhigansk,74,RU,1608481868,80,66.77,123.37,-40.61,7.67
495,boali,20,CF,1608481868,41,4.8,18.13,96.8,2.24
496,bathsheba,40,BB,1608481869,74,13.22,-59.52,84.2,20.8
497,lipkovo,90,MK,1608481869,81,42.16,21.59,42.8,0.85
498,pangkalanbuun,99,ID,1608481869,96,-2.68,111.62,74.68,2.21
499,nome,1,US,1608481869,68,64.5,-165.41,-16.6,3.8
500,gatton,90,AU,1608481869,88,-27.55,152.28,75.2,4.7
501,la libertad,40,EC,1608481869,73,-2.23,-80.9,77.0,6.93
502,terrace bay,90,CA,1608481870,100,48.78,-87.1,32.0,9.17
503,demerval lobao,40,BR,1608481828,44,-5.36,-42.68,93.2,5.82
504,nyagan,99,RU,1608481702,91,62.14,65.39,11.97,12.24
505,marigot,40,MF,1608481759,66,18.07,-63.08,84.2,12.75
506,krasnaya gora,90,RU,1608481588,100,53.0,31.6,33.8,2.24
507,macedo de cavaleiros,6,PT,1608481870,99,41.54,-6.96,46.99,1.01
508,cedar city,1,US,1608481870,73,37.68,-113.06,23.0,3.13
509,waunakee,75,US,1608481871,86,43.19,-89.46,27.0,10.29
510,adwa,14,ET,1608481871,63,14.16,38.9,63.25,5.73
511,necochea,96,AR,1608481871,58,-38.55,-58.74,63.0,5.99
512,cabo san lucas,75,MX,1608481635,77,22.89,-109.91,64.4,3.36
513,xinmin,0,CN,1608481871,65,41.99,122.83,6.8,4.47
514,halden,75,NO,1608481871,87,59.12,11.39,46.4,16.11
515,pescara,82,IT,1608481871,93,42.33,13.95,50.0,2.24
516,zharkent,81,KZ,1608481871,87,44.16,80.0,18.23,3.15
517,tarabuco,90,BO,1608481872,87,-19.17,-64.92,53.6,11.41
518,ketchikan,90,US,1608481872,93,55.34,-131.65,37.4,3.36
519,jvari,100,GE,1608481872,72,42.72,42.05,41.05,2.37
520,broken hill,75,AU,1608481872,46,-31.95,141.43,69.8,11.41
521,dzhebariki-khaya,0,RU,1608481872,73,62.22,135.8,-43.13,2.57
522,jalu,0,LY,1608481873,57,29.03,21.55,59.9,10.94
523,noumea,0,NC,1608481873,94,-22.28,166.46,78.01,1.12
524,ossora,100,RU,1608481873,97,59.24,163.07,18.68,17.47
525,chicama,20,PE,1608481873,82,-7.84,-79.15,66.2,10.29
526,mizan teferi,46,ET,1608481873,58,6.98,35.58,67.82,1.9
527,mount darwin,100,ZW,1608481859,81,-16.77,31.58,73.71,4.72
528,qunduz,100,AF,1608481873,87,36.73,68.86,40.15,2.04
529,keetmanshoop,92,NA,1608481874,29,-26.58,18.13,87.48,13.62
530,chivilcoy,0,AR,1608481874,44,-34.9,-60.02,71.01,11.99
531,rudnogorsk,100,RU,1608481874,94,57.26,103.75,5.45,0.4
532,tuatapere,100,NZ,1608481874,92,-46.13,167.68,46.0,1.01
533,dongsheng,2,CN,1608481869,92,39.82,109.98,12.56,6.26
534,khed brahma,96,IN,1608481874,29,24.03,73.05,63.07,5.14
535,qasigiannguit,20,GL,1608481875,43,68.82,-51.19,12.2,11.41
536,nacala,23,MZ,1608481875,78,-14.54,40.67,81.48,4.79
537,aras,0,ES,1608481875,71,42.56,-2.36,51.8,10.29
538,ornskoldsvik,84,SE,1608481875,100,63.29,18.72,39.2,8.05
539,rimbey,33,CA,1608481875,55,52.63,-114.24,33.8,9.17
540,dongying,0,CN,1608481875,82,37.46,118.49,29.61,3.47
541,sainthia,97,IN,1608481875,72,23.95,87.67,59.0,5.82
542,grand-lahou,65,CI,1608481876,76,5.14,-5.02,82.08,7.14
543,basoko,26,CD,1608481876,58,1.24,23.62,80.74,1.86
544,port lincoln,99,AU,1608481876,87,-34.73,135.87,58.42,12.39
545,moranbah,1,AU,1608481876,80,-22.0,148.05,74.62,7.58
546,kindu,58,CD,1608481751,84,-2.95,25.95,76.08,2.66
547,bontang,96,ID,1608481876,85,0.13,117.5,78.78,9.1
548,itoman,75,JP,1608481877,63,26.12,127.67,62.6,13.87
549,kuliyapitiya,90,LK,1608481877,94,7.47,80.04,77.0,4.7
550,hun,0,LY,1608481877,41,29.13,15.95,64.74,12.95
551,byron bay,90,AU,1608481877,94,-28.65,153.62,73.4,1.12
552,oeiras,34,BR,1608481877,38,-7.03,-42.13,96.64,1.7
553,tutoia,20,BR,1608481877,59,-2.76,-42.27,89.6,19.46
554,honningsvag,75,NO,1608481877,80,70.98,25.97,30.2,18.34
555,taoudenni,0,ML,1608481878,22,22.68,-3.98,73.51,12.91
556,puerto quijarro,46,BO,1608481878,25,-17.78,-57.77,102.88,7.07
557,saint-raymond,100,CA,1608481878,86,45.47,-73.61,30.99,4.7
558,limpapa,90,PH,1608481878,94,7.12,121.91,78.8,6.93
559,sur,3,OM,1608481878,67,22.57,59.53,71.1,10.45
560,labrea,85,BR,1608481656,54,-7.26,-64.8,88.61,5.03
561,itarema,9,BR,1608481879,56,-2.92,-39.92,87.51,19.33
562,chlumec,94,CZ,1608481879,92,50.7,13.94,36.0,14.0
563,bria,13,CF,1608481879,18,6.54,21.99,80.91,3.56
564,kupang,100,ID,1608481879,82,-10.17,123.58,80.94,12.26
565,kashi,36,CN,1608481879,79,39.45,75.98,19.4,2.24
566,camocim,40,BR,1608481879,51,-2.9,-40.84,89.76,18.9
567,dullewala,98,PK,1608481879,31,31.84,71.44,60.35,3.33
568,tres arroyos,91,AR,1608481880,49,-38.37,-60.28,63.39,18.7
569,sungaipenuh,100,ID,1608481880,80,-2.08,101.38,64.44,2.93
570,sao joao da barra,20,BR,1608481880,52,-21.64,-41.05,91.4,13.87
571,natal,40,BR,1608481802,74,-5.79,-35.21,86.0,13.87
